target,drug,n_iv_bbj,OR_bbj,pval_bbj,n_iv_twb,OR_twb,pval_twb
PCSK9,PCSK9 inhibitor,1,0.6720959714816858,0.1988169217821669,1.0,1.498750941089173,0.4544007585489309
HMGCR,statin,1,1.2945677287561248,0.3792905688542605,1.0,1.133039831968039,0.8204225161062537
NPC1L1,ezetimibe,1,0.2835797072845351,0.0301581181427801,,,
CETP,CETP inhibitor,8,1.0387049606446332,0.6058836196656232,2.0,1.0422308144293513,0.928300283099603
