exposure,outcome,n_iv,ivw_or,ivw_lci,ivw_uci,ivw_p
KOGES_LDL,ATC_S01E,46,0.8454877812839107,0.7624373859947534,0.9375846481711079,0.0014639917133407732
KOGES_TC,ATC_S01E,47,0.8388530128089674,0.7537356333203458,0.9335824737366667,0.0012864814584363504
KOGES_TG,ATC_S01E,39,0.9017317916043572,0.8241692176945346,0.9865937801760686,0.024188346612616485
KOGES_LIP,ATC_S01E,9,0.9099599182345942,0.8286474670505204,0.9992512928818583,0.048190695409275675
