label,outcome,or,lo,hi,p
"POAG
(BBJ)",BBJ_Glaucoma,0.8591546619794925,0.7914965157333106,0.9325963141065926,0.0002861756508906
"POAG
(FinnGen)",FinnGen_POAG,0.8982166053959135,0.8164229977975971,0.9882047325778224,0.0275542912602524
"NTG
(FinnGen)",FinnGen_NTG,1.0121936844487265,0.8031800517234884,1.27559947814865,0.9181978055630732
"PACG
(Luben)",Luben_PACG,1.1958594526815425,1.0780515269794106,1.326541259650858,0.0007239351778653
