a_beta,a_se,a_pval,b_beta,b_se,c_beta,c_se,c_pval,indirect,indirect_se,direct,med_prop,sobel_z,sobel_p,path_id,exposure,mediator,outcome,b_source,n_iv_a,n_iv_c
-0.0342437222528135,0.024226333881812,0.1575111953872271,0.18,0.02,-0.1353024093600169,0.0523328276294647,0.0097260062316255,-0.006163870005506429,0.004414193835133362,-0.12913853935451047,0.045556247184818495,-1.396375020155907,0.16260159332358493,tg_iop_glau,KOGES_KoGES_TG.tsv,UKB_IOP_EUR,BBJ_Glaucoma,Khawaja et al. 2018 JAMA Ophthalmol,40,39
-0.0342437222528135,0.024226333881812,0.1575111953872271,0.18,0.02,-0.0890373018793989,0.0589781993817446,0.1311290194003417,-0.006163870005506429,0.004414193835133362,-0.08287343187389247,0.06922795137992159,-1.396375020155907,0.16260159332358493,tg_iop_glau,KOGES_KoGES_TG.tsv,UKB_IOP_EUR,FinnGen_Glaucoma,Khawaja et al. 2018 JAMA Ophthalmol,40,42
